545,600,608,621,—,—,628,640
615,630,638,651,—,—,659,711
630,645,653,706,714,723,—,—
645,700,708,721,—,—,729,741
700,717,727,743,751,802,—,—
715,732,742,758,—,—,806,820
730,747,757,813,821,832,—,—
745,802,812,828,—,—,836,850
800,817,827,843,851,902,—,—
815,832,842,858,—,—,906,920
830,847,857,913,921,932,—,—
845,902,912,928,—,—,936,950
900,917,927,943,951,1002,—,—
915,932,942,958,—,—,1006,1020
930,947,957,1013,1021,1032,—,—
945,1002,1012,1028,—,—,1036,1050
1000,1017,1027,1043,1051,1102,—,—
1015,1032,1042,1058,—,—,1106,1120
1030,1047,1057,1113,1121,1132,—,—
1045,1102,1112,1128,—,—,1136,1150
1100,1117,1127,1143,1151,1202,—,—
1115,1132,1142,1158,—,—,1206,1220
1130,1147,1157,1213,1221,1232,—,—
1145,1202,1212,1228,—,—,1236,1250
1200,1217,1227,1243,1251,102,—,—
1215,1232,1242,1258,—,—,106,120
1230,1247,1257,113,121,132,—,—
1245,102,112,128,—,—,136,150
100,117,127,143,151,202,—,—
115,132,142,158,—,—,206,220
130,147,157,213,221,232,—,—
145,202,212,228,—,—,236,250
200,217,227,243,251,302,—,—
215,232,242,258,—,—,306,320
230,247,257,313,321,332,—,—
245,302,312,328,—,—,336,350
300,317,327,343,351,402,—,—
315,332,342,358,—,—,406,420
330,347,357,413,421,432,—,—
345,402,412,428,—,—,436,450
400,417,427,443,451,501,—,—
415,432,442,458,—,—,506,520
430,447,457,513,521,531,—,—
445,502,512,528,—,—,536,550
500,517,527,543,551,601,—,—
515,532,542,558,—,—,606,620
530,547,557,613,621,631,—,—
545,602,612,628,—,—,636,650
600,616,625,639,647,657,—,—
615,631,640,654,—,—,702,715
630,646,655,709,717,727,—,—,645,701,710,724,—,—,732,745
700,715,723,736,743,752,—,—
730,745,753,806,—,—,813,825
800,815,823,836,843,852,—,—
830,845,853,906,—,—,913,925
900,915,923,936,943,952,—,—
930,945,953,1006,—,—,1013,1025
1000,1015,1023,1036,1043,1052,—,—
1030,1045,1053,1106,—,—,1113,1125
1100,1115,1123,1136,1143,1152,—,—
1130,1145,1153,1206,—,—,1213,1225